Source,Ticker,Month,Currency,LocalValue,FXRate_EoM,FXSource_EoM,NOKValue,ExDate,DPS_UNADJUSTED,DPS_ADJUSTED_GROSS,AdjustmentFactor,DPS_LOCAL,InstrumentCurrency,AdjustmentBasis,SplitFallbackSource,SplitFallbackEventCount,SplitFallbackEvents,FXRate,FXDate,FXSource,DPS_NOK
prices,20202.OL,2026-03,NOK,2.396022,1.0,identity,2.396022,,,,,,,,,,,,,,
prices,8TRA.ST,2026-03,SEK,336.6,1.0246,month_end_norges_bank,344.88036,,,,,,,,,,,,,,
prices,AAB.CO,2005-01,DKK,1856.425032,1.11,month_end_norges_bank,2060.6317855200004,,,,,,,,,,,,,,
prices,AAB.CO,2015-08,DKK,161.729048,1.254,month_end_norges_bank,202.808226192,,,,,,,,,,,,,,
prices,AAB.CO,2026-03,DKK,25.0,1.5004,month_end_norges_bank,37.51,,,,,,,,,,,,,,
prices,ABL.OL,2015-08,NOK,7.348904,1.0,identity,7.348904,,,,,,,,,,,,,,
prices,ABL.OL,2026-03,NOK,11.35,1.0,identity,11.35,,,,,,,,,,,,,,
prices,ACG1V.HE,2005-01,EUR,31.796938,8.26,month_end_norges_bank,262.64270788,,,,,,,,,,,,,,
prices,ACG1V.HE,2015-08,EUR,1.07,9.3585,month_end_norges_bank,10.013595,,,,,,,,,,,,,,
prices,ACG1V.HE,2026-03,EUR,4.42,11.2125,month_end_norges_bank,49.55925,,,,,,,,,,,,,,
prices,AFGA.OL,2005-01,NOK,11.419595,1.0,identity,11.419595,,,,,,,,,,,,,,
prices,AFGA.OL,2015-08,NOK,101.507513,1.0,identity,101.507513,,,,,,,,,,,,,,
prices,AFGA.OL,2026-03,NOK,170.0,1.0,identity,170.0,,,,,,,,,,,,,,
prices,AFK.OL,2005-01,NOK,18.129336,1.0,identity,18.129336,,,,,,,,,,,,,,
prices,AFK.OL,2015-08,NOK,59.345247,1.0,identity,59.345247,,,,,,,,,,,,,,
prices,AFK.OL,2026-03,NOK,160.0,1.0,identity,160.0,,,,,,,,,,,,,,
prices,AKAST.OL,2005-01,NOK,6.46751,1.0,identity,6.46751,,,,,,,,,,,,,,
prices,AKAST.OL,2015-08,NOK,10.773233,1.0,identity,10.773233,,,,,,,,,,,,,,
prices,AKAST.OL,2026-03,NOK,15.32,1.0,identity,15.32,,,,,,,,,,,,,,
prices,AKBM.OL,2026-03,NOK,105.4,1.0,identity,105.4,,,,,,,,,,,,,,
prices,AKH.OL,2026-03,NOK,0.0205,1.0,identity,0.0205,,,,,,,,,,,,,,
prices,AKRBP.OL,2015-08,NOK,48.38,1.0,identity,48.38,,,,,,,,,,,,,,
prices,AKRBP.OL,2026-03,NOK,361.1,1.0,identity,361.1,,,,,,,,,,,,,,
prices,AKSOA.OL,2015-08,NOK,19.671849,1.0,identity,19.671849,,,,,,,,,,,,,,
prices,AKSOA.OL,2026-03,NOK,41.462113,1.0,identity,41.462113,,,,,,,,,,,,,,
prices,AKVA.OL,2015-08,NOK,28.1,1.0,identity,28.1,,,,,,,,,,,,,,
prices,AKVA.OL,2026-03,NOK,106.5,1.0,identity,106.5,,,,,,,,,,,,,,
prices,ALVO.IC,2026-03,ISK,428.0,0.0781,month_end_norges_bank,33.4268,,,,,,,,,,,,,,
prices,ARCHA.OL,2015-08,NOK,158.571976,1.0,identity,158.571976,,,,,,,,,,,,,,
prices,ARCHA.OL,2026-03,NOK,27.1,1.0,identity,27.1,,,,,,,,,,,,,,
prices,ARRA.OL,2005-01,NOK,3650.024429,1.0,identity,3650.024429,,,,,,,,,,,,,,
prices,ARRA.OL,2015-08,NOK,851.990341,1.0,identity,851.990341,,,,,,,,,,,,,,
prices,ARRA.OL,2026-03,NOK,6.88,1.0,identity,6.88,,,,,,,,,,,,,,
prices,ASA.OL,2026-03,NOK,1.183,1.0,identity,1.183,,,,,,,,,,,,,,
prices,ATEA.OL,2005-01,NOK,24.525366,1.0,identity,24.525366,,,,,,,,,,,,,,
prices,ATEA.OL,2015-08,NOK,65.385891,1.0,identity,65.385891,,,,,,,,,,,,,,
prices,ATEA.OL,2026-03,NOK,141.4,1.0,identity,141.4,,,,,,,,,,,,,,
prices,AUSS.OL,2015-08,NOK,49.0,1.0,identity,49.0,,,,,,,,,,,,,,
prices,AUSS.OL,2026-03,NOK,103.4,1.0,identity,103.4,,,,,,,,,,,,,,
prices,AUTO.OL,2026-03,NOK,9.395,1.0,identity,9.395,,,,,,,,,,,,,,
prices,AZT.OL,2015-08,NOK,14.35,1.0,identity,14.35,,,,,,,,,,,,,,
prices,AZT.OL,2026-03,NOK,19.5,1.0,identity,19.5,,,,,,,,,,,,,,
prices,BAKKA.OL,2015-08,NOK,251.736408,1.0,identity,251.736408,,,,,,,,,,,,,,
prices,BAKKA.OL,2026-03,NOK,452.8,1.0,identity,452.8,,,,,,,,,,,,,,
prices,BEWI.OL,2026-03,NOK,13.96,1.0,identity,13.96,,,,,,,,,,,,,,
prices,BNOR.OL,2015-08,NOK,17.5,1.0,identity,17.5,,,,,,,,,,,,,,
prices,BNOR.OL,2026-03,NOK,563.0,1.0,identity,563.0,,,,,,,,,,,,,,
prices,BONHR.OL,2005-01,NOK,70.0,1.0,identity,70.0,,,,,,,,,,,,,,
prices,BONHR.OL,2015-08,NOK,62.0,1.0,identity,62.0,,,,,,,,,,,,,,
prices,BONHR.OL,2026-03,NOK,239.5,1.0,identity,239.5,,,,,,,,,,,,,,
prices,BOR.OL,2005-01,NOK,851.086873,1.0,identity,851.086873,,,,,,,,,,,,,,
prices,BOR.OL,2015-08,NOK,603.634847,1.0,identity,603.634847,,,,,,,,,,,,,,
prices,BOR.OL,2026-03,NOK,16.2,1.0,identity,16.2,,,,,,,,,,,,,,
prices,BOUV.OL,2015-08,NOK,8.823353,1.0,identity,8.823353,,,,,,,,,,,,,,
prices,BOUV.OL,2026-03,NOK,50.5,1.0,identity,50.5,,,,,,,,,,,,,,
prices,BRGB.OL,2015-08,NOK,52.0,1.0,identity,52.0,,,,,,,,,,,,,,
prices,BRGB.OL,2026-03,NOK,174.8,1.0,identity,174.8,,,,,,,,,,,,,,
prices,BWE.OL,2026-03,NOK,62.0,1.0,identity,62.0,,,,,,,,,,,,,,
prices,BWLPG.OL,2015-08,NOK,53.2,1.0,identity,53.2,,,,,,,,,,,,,,
prices,BWLPG.OL,2026-03,NOK,171.2,1.0,identity,171.2,,,,,,,,,,,,,,
prices,CADLR.OL,2026-03,NOK,56.2,1.0,identity,56.2,,,,,,,,,,,,,,
prices,CAPSL.OL,2026-03,NOK,4.82,1.0,identity,4.82,,,,,,,,,,,,,,
prices,CAVEN.OL,2026-03,NOK,6.25,1.0,identity,6.25,,,,,,,,,,,,,,
prices,CLOUD.OL,2026-03,NOK,13.24,1.0,identity,13.24,,,,,,,,,,,,,,
prices,CONTX.OL,2005-01,NOK,1.600337,1.0,identity,1.600337,,,,,,,,,,,,,,
prices,CONTX.OL,2015-08,NOK,2.101045,1.0,identity,2.101045,,,,,,,,,,,,,,
prices,CONTX.OL,2026-03,NOK,3.44,1.0,identity,3.44,,,,,,,,,,,,,,
prices,CRNA.OL,2015-08,NOK,439.693025,1.0,identity,439.693025,,,,,,,,,,,,,,
prices,CRNA.OL,2026-03,NOK,10.3,1.0,identity,10.3,,,,,,,,,,,,,,
prices,DNO.OL,2005-01,NOK,1.773594,1.0,identity,1.773594,,,,,,,,,,,,,,
prices,DNO.OL,2015-08,NOK,9.525,1.0,identity,9.525,,,,,,,,,,,,,,
prices,DNO.OL,2026-03,NOK,21.92,1.0,identity,21.92,,,,,,,,,,,,,,
prices,DOFG.OL,2026-03,NOK,139.0,1.0,identity,139.0,,,,,,,,,,,,,,
prices,EIOF.OL,2015-08,NOK,9.770481,1.0,identity,9.770481,,,,,,,,,,,,,,
prices,EIOF.OL,2026-03,NOK,16.6,1.0,identity,16.6,,,,,,,,,,,,,,
prices,ELABS.OL,2026-03,NOK,2.77,1.0,identity,2.77,,,,,,,,,,,,,,
prices,ELK.OL,2026-03,NOK,28.28,1.0,identity,28.28,,,,,,,,,,,,,,
prices,ELMRA.OL,2026-03,NOK,35.2,1.0,identity,35.2,,,,,,,,,,,,,,
prices,ELO.OL,2026-03,NOK,36.25,1.0,identity,36.25,,,,,,,,,,,,,,
prices,EMGS.OL,2015-08,NOK,16.888661,1.0,identity,16.888661,,,,,,,,,,,,,,
prices,EMGS.OL,2026-03,NOK,0.339,1.0,identity,0.339,,,,,,,,,,,,,,
prices,ENDUR.OL,2015-08,NOK,35.526472,1.0,identity,35.526472,,,,,,,,,,,,,,
prices,ENDUR.OL,2026-03,NOK,104.0,1.0,identity,104.0,,,,,,,,,,,,,,
prices,ENH.OL,2015-08,NOK,2385.366762,1.0,identity,2385.366762,,,,,,,,,,,,,,
prices,ENH.OL,2026-03,NOK,8.82,1.0,identity,8.82,,,,,,,,,,,,,,
prices,ENSU.OL,2015-08,NOK,1085.612533,1.0,identity,1085.612533,,,,,,,,,,,,,,
prices,ENSU.OL,2026-03,NOK,0.674,1.0,identity,0.674,,,,,,,,,,,,,,
prices,ENTRA.OL,2015-08,NOK,69.75,1.0,identity,69.75,,,,,,,,,,,,,,
prices,ENTRA.OL,2026-03,NOK,104.8,1.0,identity,104.8,,,,,,,,,,,,,,
prices,ENVIP.OL,2026-03,NOK,51.4,1.0,identity,51.4,,,,,,,,,,,,,,
prices,EPR.OL,2015-08,NOK,39.98075,1.0,identity,39.98075,,,,,,,,,,,,,,
prices,EPR.OL,2026-03,NOK,91.3,1.0,identity,91.3,,,,,,,,,,,,,,
prices,EQNR.OL,2005-01,NOK,96.5,1.0,identity,96.5,,,,,,,,,,,,,,
prices,EQNR.OL,2015-08,NOK,123.9,1.0,identity,123.9,,,,,,,,,,,,,,
prices,EQNR.OL,2026-03,NOK,420.4,1.0,identity,420.4,,,,,,,,,,,,,,
prices,EQVA.OL,2015-08,NOK,1.692205,1.0,identity,1.692205,,,,,,,,,,,,,,
prices,EQVA.OL,2026-03,NOK,3.44,1.0,identity,3.44,,,,,,,,,,,,,,
prices,FRO.OL,2005-01,NOK,1210.30624,1.0,identity,1210.30624,,,,,,,,,,,,,,
prices,FRO.OL,2015-08,NOK,108.9,1.0,identity,108.9,,,,,,,,,,,,,,
prices,FRO.OL,2026-03,NOK,339.9,1.0,identity,339.9,,,,,,,,,,,,,,
prices,GENT.OL,2026-03,NOK,38.1,1.0,identity,38.1,,,,,,,,,,,,,,
prices,GOD.OL,2005-01,NOK,6.1,1.0,identity,6.1,,,,,,,,,,,,,,
prices,GOD.OL,2015-08,NOK,12.2,1.0,identity,12.2,,,,,,,,,,,,,,
prices,GOD.OL,2026-03,NOK,10.85,1.0,identity,10.85,,,,,,,,,,,,,,
prices,GSFG.OL,2015-08,NOK,13.149977,1.0,identity,13.149977,,,,,,,,,,,,,,
prices,GSFG.OL,2026-03,NOK,39.346793,1.0,identity,39.346793,,,,,,,,,,,,,,
prices,GYL.OL,2005-01,NOK,330.0,1.0,identity,330.0,,,,,,,,,,,,,,
prices,GYL.OL,2015-08,NOK,250.0,1.0,identity,250.0,,,,,,,,,,,,,,
prices,GYL.OL,2026-03,NOK,430.0,1.0,identity,430.0,,,,,,,,,,,,,,
prices,HAFNI.OL,2026-03,NOK,74.58,1.0,identity,74.58,,,,,,,,,,,,,,
prices,HAUTO.OL,2026-03,NOK,138.9,1.0,identity,138.9,,,,,,,,,,,,,,
prices,HAVI.OL,2015-08,NOK,108.566325,1.0,identity,108.566325,,,,,,,,,,,,,,
prices,HAVI.OL,2026-03,NOK,1.34,1.0,identity,1.34,,,,,,,,,,,,,,
prices,HBC.OL,2015-08,NOK,3.737014,1.0,identity,3.737014,,,,,,,,,,,,,,
prices,HBC.OL,2026-03,NOK,1.425,1.0,identity,1.425,,,,,,,,,,,,,,
prices,HEX.OL,2005-01,NOK,1.937358,1.0,identity,1.937358,,,,,,,,,,,,,,
prices,HEX.OL,2015-08,NOK,10.41501,1.0,identity,10.41501,,,,,,,,,,,,,,
prices,HEX.OL,2026-03,NOK,10.06,1.0,identity,10.06,,,,,,,,,,,,,,
prices,HPUR.OL,2026-03,NOK,1.054,1.0,identity,1.054,,,,,,,,,,,,,,
prices,HSHP.OL,2026-03,NOK,127.4,1.0,identity,127.4,,,,,,,,,,,,,,
prices,HYPRO.OL,2026-03,NOK,1.686,1.0,identity,1.686,,,,,,,,,,,,,,
prices,IDEX.OL,2015-08,NOK,3342.94035,1.0,identity,3342.94035,,,,,,,,,,,,,,
prices,IDEX.OL,2026-03,NOK,9.61,1.0,identity,9.61,,,,,,,,,,,,,,
prices,IOX.OL,2015-08,NOK,19.5,1.0,identity,19.5,,,,,,,,,,,,,,
prices,IOX.OL,2026-03,NOK,5.66,1.0,identity,5.66,,,,,,,,,,,,,,
prices,ITERA.OL,2005-01,NOK,2.110967,1.0,identity,2.110967,,,,,,,,,,,,,,
prices,ITERA.OL,2015-08,NOK,2.5,1.0,identity,2.5,,,,,,,,,,,,,,
prices,ITERA.OL,2026-03,NOK,6.9,1.0,identity,6.9,,,,,,,,,,,,,,
prices,IWS.OL,2026-03,NOK,57.7,1.0,identity,57.7,,,,,,,,,,,,,,
prices,JINJ.OL,2005-01,NOK,21.367216,1.0,identity,21.367216,,,,,,,,,,,,,,
prices,JINJ.OL,2015-08,NOK,10.137005,1.0,identity,10.137005,,,,,,,,,,,,,,
prices,JINJ.OL,2026-03,NOK,5.8,1.0,identity,5.8,,,,,,,,,,,,,,
prices,KCCK.OL,2026-03,NOK,94.3,1.0,identity,94.3,,,,,,,,,,,,,,
prices,KID.OL,2026-03,NOK,126.0,1.0,identity,126.0,,,,,,,,,,,,,,
prices,KIT.OL,2005-01,NOK,2.519311,1.0,identity,2.519311,,,,,,,,,,,,,,
prices,KIT.OL,2015-08,NOK,2.68,1.0,identity,2.68,,,,,,,,,,,,,,
prices,KIT.OL,2026-03,NOK,93.5,1.0,identity,93.5,,,,,,,,,,,,,,
prices,KMCP.OL,2015-08,NOK,42.828179,1.0,identity,42.828179,,,,,,,,,,,,,,
prices,KMCP.OL,2026-03,NOK,25.5,1.0,identity,25.5,,,,,,,,,,,,,,
prices,KOA.OL,2015-08,NOK,9.579269,1.0,identity,9.579269,,,,,,,,,,,,,,
prices,KOA.OL,2026-03,NOK,1.934,1.0,identity,1.934,,,,,,,,,,,,,,
prices,KOG.OL,2005-01,NOK,3.40663,1.0,identity,3.40663,,,,,,,,,,,,,,
prices,KOG.OL,2015-08,NOK,16.133287,1.0,identity,16.133287,,,,,,,,,,,,,,
prices,KOG.OL,2026-03,NOK,338.13596,1.0,identity,338.13596,,,,,,,,,,,,,,
prices,KOMPLK.OL,2026-03,NOK,8.82,1.0,identity,8.82,,,,,,,,,,,,,,
prices,LINK.OL,2026-03,NOK,22.15,1.0,identity,22.15,,,,,,,,,,,,,,
prices,LSG.OL,2005-01,NOK,3.8,1.0,identity,3.8,,,,,,,,,,,,,,
prices,LSG.OL,2015-08,NOK,27.9,1.0,identity,27.9,,,,,,,,,,,,,,
prices,LSG.OL,2026-03,NOK,49.2,1.0,identity,49.2,,,,,,,,,,,,,,
prices,MEDI.OL,2005-01,NOK,10.3,1.0,identity,10.3,,,,,,,,,,,,,,
prices,MEDI.OL,2015-08,NOK,42.5,1.0,identity,42.5,,,,,,,,,,,,,,
prices,MEDI.OL,2026-03,NOK,211.0,1.0,identity,211.0,,,,,,,,,,,,,,
prices,MGN.OL,2005-01,NOK,235.301741,1.0,identity,235.301741,,,,,,,,,,,,,,
prices,MGN.OL,2015-08,NOK,6.147444,1.0,identity,6.147444,,,,,,,,,,,,,,
prices,MGN.OL,2026-03,NOK,23.7,1.0,identity,23.7,,,,,,,,,,,,,,
prices,MOWI.OL,2005-01,NOK,19.040675,1.0,identity,19.040675,,,,,,,,,,,,,,
prices,MOWI.OL,2015-08,NOK,99.8,1.0,identity,99.8,,,,,,,,,,,,,,
prices,MOWI.OL,2026-03,NOK,219.6,1.0,identity,219.6,,,,,,,,,,,,,,
prices,MPCC.OL,2026-03,NOK,22.87,1.0,identity,22.87,,,,,,,,,,,,,,
prices,MULTI.OL,2015-08,NOK,95.0,1.0,identity,95.0,,,,,,,,,,,,,,
prices,MULTI.OL,2026-03,NOK,163.0,1.0,identity,163.0,,,,,,,,,,,,,,
prices,NAPA.OL,2015-08,NOK,3.60557,1.0,identity,3.60557,,,,,,,,,,,,,,
prices,NAPA.OL,2026-03,NOK,29.1,1.0,identity,29.1,,,,,,,,,,,,,,
prices,NAS.OL,2005-01,NOK,321.335188,1.0,identity,321.335188,,,,,,,,,,,,,,
prices,NAS.OL,2015-08,NOK,9959.606738,1.0,identity,9959.606738,,,,,,,,,,,,,,
prices,NAS.OL,2026-03,NOK,14.22,1.0,identity,14.22,,,,,,,,,,,,,,
prices,NAVA.OL,2015-08,NOK,9.876505,1.0,identity,9.876505,,,,,,,,,,,,,,
prices,NAVA.OL,2026-03,NOK,19.8,1.0,identity,19.8,,,,,,,,,,,,,,
prices,NEL.OL,2005-01,NOK,38.244585,1.0,identity,38.244585,,,,,,,,,,,,,,
prices,NEL.OL,2015-08,NOK,1.825374,1.0,identity,1.825374,,,,,,,,,,,,,,
prices,NEL.OL,2026-03,NOK,2.112,1.0,identity,2.112,,,,,,,,,,,,,,
prices,NEXT.OL,2015-08,NOK,394.454783,1.0,identity,394.454783,,,,,,,,,,,,,,
prices,NEXT.OL,2026-03,NOK,5.2,1.0,identity,5.2,,,,,,,,,,,,,,
prices,NHY.OL,2005-01,NOK,28.898558,1.0,identity,28.898558,,,,,,,,,,,,,,
prices,NHY.OL,2015-08,NOK,28.66,1.0,identity,28.66,,,,,,,,,,,,,,
prices,NHY.OL,2026-03,NOK,102.5,1.0,identity,102.5,,,,,,,,,,,,,,
prices,NKR.OL,2005-01,NOK,4.836044,1.0,identity,4.836044,,,,,,,,,,,,,,
prices,NKR.OL,2015-08,NOK,2.075792,1.0,identity,2.075792,,,,,,,,,,,,,,
prices,NKR.OL,2026-03,NOK,13.3,1.0,identity,13.3,,,,,,,,,,,,,,
prices,NOD.OL,2005-01,NOK,12.35,1.0,identity,12.35,,,,,,,,,,,,,,
prices,NOD.OL,2015-08,NOK,46.64,1.0,identity,46.64,,,,,,,,,,,,,,
prices,NOD.OL,2026-03,NOK,153.0,1.0,identity,153.0,,,,,,,,,,,,,,
prices,NOL.OL,2026-03,NOK,9.04,1.0,identity,9.04,,,,,,,,,,,,,,
prices,NOM.OL,2015-08,NOK,82.976361,1.0,identity,82.976361,,,,,,,,,,,,,,
prices,NOM.OL,2026-03,NOK,11.8,1.0,identity,11.8,,,,,,,,,,,,,,
prices,NORBT.OL,2026-03,NOK,190.6,1.0,identity,190.6,,,,,,,,,,,,,,
prices,NORCO.OL,2026-03,NOK,41.1,1.0,identity,41.1,,,,,,,,,,,,,,
prices,NRC.OL,2005-01,NOK,24726.124738,1.0,identity,24726.124738,,,,,,,,,,,,,,
prices,NRC.OL,2015-08,NOK,31.5106,1.0,identity,31.5106,,,,,,,,,,,,,,
prices,NRC.OL,2026-03,NOK,7.59,1.0,identity,7.59,,,,,,,,,,,,,,
prices,NSKOG.OL,2026-03,NOK,38.5,1.0,identity,38.5,,,,,,,,,,,,,,
prices,NYKD.OL,2026-03,NOK,3.25,1.0,identity,3.25,,,,,,,,,,,,,,
prices,ODF.OL,2005-01,NOK,117.5,1.0,identity,117.5,,,,,,,,,,,,,,
prices,ODF.OL,2015-08,NOK,24.0,1.0,identity,24.0,,,,,,,,,,,,,,
prices,ODF.OL,2026-03,NOK,118.6,1.0,identity,118.6,,,,,,,,,,,,,,
prices,ODLO.OL,2015-08,NOK,4.459018,1.0,identity,4.459018,,,,,,,,,,,,,,
prices,ODLO.OL,2026-03,NOK,101.6,1.0,identity,101.6,,,,,,,,,,,,,,
prices,OET.OL,2026-03,NOK,503.0,1.0,identity,503.0,,,,,,,,,,,,,,
prices,OKEA.OL,2026-03,NOK,41.65,1.0,identity,41.65,,,,,,,,,,,,,,
prices,ONCIN.OL,2026-03,NOK,46.955,1.0,identity,46.955,,,,,,,,,,,,,,
prices,ORK.OL,2005-01,NOK,41.6,1.0,identity,41.6,,,,,,,,,,,,,,
prices,ORK.OL,2015-08,NOK,61.0,1.0,identity,61.0,,,,,,,,,,,,,,
prices,ORK.OL,2026-03,NOK,121.7,1.0,identity,121.7,,,,,,,,,,,,,,
prices,OTEC.OL,2005-01,NOK,1.94508,1.0,identity,1.94508,,,,,,,,,,,,,,
prices,OTEC.OL,2015-08,NOK,10.133865,1.0,identity,10.133865,,,,,,,,,,,,,,
prices,OTEC.OL,2026-03,NOK,17.8,1.0,identity,17.8,,,,,,,,,,,,,,
prices,OTL.OL,2026-03,NOK,73.7,1.0,identity,73.7,,,,,,,,,,,,,,
prices,OTOVO.OL,2026-03,NOK,11.9,1.0,identity,11.9,,,,,,,,,,,,,,
prices,PCIB.OL,2015-08,NOK,3.819099,1.0,identity,3.819099,,,,,,,,,,,,,,
prices,PCIB.OL,2026-03,NOK,0.1665,1.0,identity,0.1665,,,,,,,,,,,,,,
prices,PENR.OL,2015-08,NOK,5.716883,1.0,identity,5.716883,,,,,,,,,,,,,,
prices,PENR.OL,2026-03,NOK,34.6,1.0,identity,34.6,,,,,,,,,,,,,,
prices,PEXIP.OL,2026-03,NOK,60.033698,1.0,identity,60.033698,,,,,,,,,,,,,,
prices,PHO.OL,2005-01,NOK,35.195092,1.0,identity,35.195092,,,,,,,,,,,,,,
prices,PHO.OL,2015-08,NOK,40.8,1.0,identity,40.8,,,,,,,,,,,,,,
prices,PHO.OL,2026-03,NOK,59.3,1.0,identity,59.3,,,,,,,,,,,,,,
prices,PLT.OL,2026-03,NOK,5.3,1.0,identity,5.3,,,,,,,,,,,,,,
prices,PNOR.OL,2026-03,NOK,13.5,1.0,identity,13.5,,,,,,,,,,,,,,
prices,POL.OL,2015-08,NOK,18.5,1.0,identity,18.5,,,,,,,,,,,,,,
prices,POL.OL,2026-03,NOK,61.0,1.0,identity,61.0,,,,,,,,,,,,,,
prices,PRSO.OL,2005-01,NOK,1172126.906555,1.0,identity,1172126.906555,,,,,,,,,,,,,,
prices,PRSO.OL,2015-08,NOK,1139597.528261,1.0,identity,1139597.528261,,,,,,,,,,,,,,
prices,PRSO.OL,2026-03,NOK,3.53,1.0,identity,3.53,,,,,,,,,,,,,,
prices,PSE.OL,2005-01,NOK,66.694716,1.0,identity,66.694716,,,,,,,,,,,,,,
prices,PSE.OL,2015-08,NOK,5.45,1.0,identity,5.45,,,,,,,,,,,,,,
prices,PSE.OL,2026-03,NOK,6.24,1.0,identity,6.24,,,,,,,,,,,,,,
prices,QEC.OL,2015-08,NOK,1.227667,1.0,identity,1.227667,,,,,,,,,,,,,,
prices,QEC.OL,2026-03,NOK,2.05,1.0,identity,2.05,,,,,,,,,,,,,,
prices,RANA.OL,2026-03,NOK,78.5,1.0,identity,78.5,,,,,,,,,,,,,,
prices,REACH.OL,2005-01,NOK,1064.546541,1.0,identity,1064.546541,,,,,,,,,,,,,,
prices,REACH.OL,2015-08,NOK,2.06592,1.0,identity,2.06592,,,,,,,,,,,,,,
prices,REACH.OL,2026-03,NOK,7.02,1.0,identity,7.02,,,,,,,,,,,,,,
prices,RECSI.OL,2015-08,NOK,8.974342,1.0,identity,8.974342,,,,,,,,,,,,,,
prices,RECSI.OL,2026-03,NOK,0.275,1.0,identity,0.275,,,,,,,,,,,,,,
prices,SALM.OL,2015-08,NOK,126.0,1.0,identity,126.0,,,,,,,,,,,,,,
prices,SALM.OL,2026-03,NOK,565.0,1.0,identity,565.0,,,,,,,,,,,,,,
prices,SALME.OL,2026-03,NOK,4.82,1.0,identity,4.82,,,,,,,,,,,,,,
prices,SATSS.OL,2026-03,NOK,42.75,1.0,identity,42.75,,,,,,,,,,,,,,
prices,SCANA.OL,2005-01,NOK,56.647907,1.0,identity,56.647907,,,,,,,,,,,,,,
prices,SCANA.OL,2015-08,NOK,0.772046,1.0,identity,0.772046,,,,,,,,,,,,,,
prices,SCANA.OL,2026-03,NOK,1.4,1.0,identity,1.4,,,,,,,,,,,,,,
prices,SCATC.OL,2015-08,NOK,43.4,1.0,identity,43.4,,,,,,,,,,,,,,
prices,SCATC.OL,2026-03,NOK,130.6,1.0,identity,130.6,,,,,,,,,,,,,,
prices,SMCRT.OL,2026-03,NOK,18.3,1.0,identity,18.3,,,,,,,,,,,,,,
prices,SMOP.OL,2026-03,NOK,43.6,1.0,identity,43.6,,,,,,,,,,,,,,
prices,SNI.OL,2005-01,NOK,214.5,1.0,identity,214.5,,,,,,,,,,,,,,
prices,SNI.OL,2015-08,NOK,126.0,1.0,identity,126.0,,,,,,,,,,,,,,
prices,SNI.OL,2026-03,NOK,333.5,1.0,identity,333.5,,,,,,,,,,,,,,
prices,SOFF.OL,2005-01,NOK,7535.995406,1.0,identity,7535.995406,,,,,,,,,,,,,,
prices,SOFF.OL,2015-08,NOK,2511.998469,1.0,identity,2511.998469,,,,,,,,,,,,,,
prices,SOFF.OL,2026-03,NOK,68.8,1.0,identity,68.8,,,,,,,,,,,,,,
prices,STRO.OL,2005-01,NOK,13.896288,1.0,identity,13.896288,,,,,,,,,,,,,,
prices,STRO.OL,2015-08,NOK,9.38,1.0,identity,9.38,,,,,,,,,,,,,,
prices,STRO.OL,2026-03,NOK,10.5,1.0,identity,10.5,,,,,,,,,,,,,,
prices,SUBC.OL,2005-01,NOK,42.837169,1.0,identity,42.837169,,,,,,,,,,,,,,
prices,SUBC.OL,2015-08,NOK,70.4,1.0,identity,70.4,,,,,,,,,,,,,,
prices,SUBC.OL,2026-03,NOK,300.4,1.0,identity,300.4,,,,,,,,,,,,,,
prices,SWON.OL,2026-03,NOK,84.0,1.0,identity,84.0,,,,,,,,,,,,,,
prices,TECH.OL,2005-01,NOK,1000.169947,1.0,identity,1000.169947,,,,,,,,,,,,,,
prices,TECH.OL,2015-08,NOK,54.16059,1.0,identity,54.16059,,,,,,,,,,,,,,
prices,TECH.OL,2026-03,NOK,10.65,1.0,identity,10.65,,,,,,,,,,,,,,
prices,TEKNA.OL,2026-03,NOK,3.5,1.0,identity,3.5,,,,,,,,,,,,,,
prices,TEL.OL,2005-01,NOK,56.932376,1.0,identity,56.932376,,,,,,,,,,,,,,
prices,TEL.OL,2015-08,NOK,160.675815,1.0,identity,160.675815,,,,,,,,,,,,,,
prices,TEL.OL,2026-03,NOK,170.3,1.0,identity,170.3,,,,,,,,,,,,,,
prices,TGS.OL,2005-01,NOK,40.25,1.0,identity,40.25,,,,,,,,,,,,,,
prices,TGS.OL,2015-08,NOK,160.0,1.0,identity,160.0,,,,,,,,,,,,,,
prices,TGS.OL,2026-03,NOK,132.0,1.0,identity,132.0,,,,,,,,,,,,,,
prices,TOM.OL,2005-01,NOK,16.65,1.0,identity,16.65,,,,,,,,,,,,,,
prices,TOM.OL,2015-08,NOK,36.125,1.0,identity,36.125,,,,,,,,,,,,,,
prices,TOM.OL,2026-03,NOK,115.5,1.0,identity,115.5,,,,,,,,,,,,,,
prices,TRMED.OL,2015-08,NOK,22.601585,1.0,identity,22.601585,,,,,,,,,,,,,,
prices,TRMED.OL,2026-03,NOK,4.59,1.0,identity,4.59,,,,,,,,,,,,,,
prices,VAR.OL,2026-03,NOK,50.54,1.0,identity,50.54,,,,,,,,,,,,,,
prices,VEI.OL,2005-01,NOK,18.486923,1.0,identity,18.486923,,,,,,,,,,,,,,
prices,VEI.OL,2015-08,NOK,79.926262,1.0,identity,79.926262,,,,,,,,,,,,,,
prices,VEI.OL,2026-03,NOK,188.4,1.0,identity,188.4,,,,,,,,,,,,,,
prices,VEND.OL,2015-08,NOK,166.461114,1.0,identity,166.461114,,,,,,,,,,,,,,
prices,VEND.OL,2026-03,NOK,239.6,1.0,identity,239.6,,,,,,,,,,,,,,
prices,VISTN.OL,2015-08,NOK,9.732483,1.0,identity,9.732483,,,,,,,,,,,,,,
prices,VISTN.OL,2026-03,NOK,21.5,1.0,identity,21.5,,,,,,,,,,,,,,
prices,VOW.OL,2015-08,NOK,0.838258,1.0,identity,0.838258,,,,,,,,,,,,,,
prices,VOW.OL,2026-03,NOK,2.35,1.0,identity,2.35,,,,,,,,,,,,,,
prices,WAWI.OL,2015-08,NOK,20.020313,1.0,identity,20.020313,,,,,,,,,,,,,,
prices,WAWI.OL,2026-03,NOK,121.8,1.0,identity,121.8,,,,,,,,,,,,,,
prices,WSTEP.OL,2026-03,NOK,17.7,1.0,identity,17.7,,,,,,,,,,,,,,
prices,WWI.OL,2005-01,NOK,165.0,1.0,identity,165.0,,,,,,,,,,,,,,
prices,WWI.OL,2015-08,NOK,152.0,1.0,identity,152.0,,,,,,,,,,,,,,
prices,WWI.OL,2026-03,NOK,725.0,1.0,identity,725.0,,,,,,,,,,,,,,
prices,YAR.OL,2005-01,NOK,71.47425,1.0,identity,71.47425,,,,,,,,,,,,,,
prices,YAR.OL,2015-08,NOK,351.939207,1.0,identity,351.939207,,,,,,,,,,,,,,
prices,YAR.OL,2026-03,NOK,564.0,1.0,identity,564.0,,,,,,,,,,,,,,
prices,ZAL.OL,2015-08,NOK,33.5,1.0,identity,33.5,,,,,,,,,,,,,,
prices,ZAL.OL,2026-03,NOK,98.0,1.0,identity,98.0,,,,,,,,,,,,,,
prices,ZAP.OL,2026-03,NOK,28.3,1.0,identity,28.3,,,,,,,,,,,,,,
prices,ZLNA.OL,2026-03,NOK,18.78,1.0,identity,18.78,,,,,,,,,,,,,,
market_cap,20202.OL,2026-03,NOK,3148413393.8,1.0,identity,3148413393.8,,,,,,,,,,,,,,
market_cap,8TRA.ST,2026-03,SEK,168352002541.443,1.0246,month_end_norges_bank,172493461803.9625,,,,,,,,,,,,,,
market_cap,AAB.CO,2005-01,DKK,54440137.5,1.11,month_end_norges_bank,60428552.62500001,,,,,,,,,,,,,,
market_cap,AAB.CO,2015-08,DKK,73066889.5199999,1.254,month_end_norges_bank,91625879.45807989,,,,,,,,,,,,,,
market_cap,AAB.CO,2026-03,DKK,67407425.0,1.5004,month_end_norges_bank,101138100.47,,,,,,,,,,,,,,
market_cap,ABL.OL,2015-08,NOK,326293027.5,1.0,identity,326293027.5,,,,,,,,,,,,,,
market_cap,ABL.OL,2026-03,NOK,1506590309.17904,1.0,identity,1506590309.17904,,,,,,,,,,,,,,
market_cap,ACG1V.HE,2005-01,EUR,88561849.3199992,8.26,month_end_norges_bank,731520875.3831934,,,,,,,,,,,,,,
market_cap,ACG1V.HE,2015-08,EUR,6854960.34999999,9.3585,month_end_norges_bank,64152146.4354749,,,,,,,,,,,,,,
market_cap,ACG1V.HE,2026-03,EUR,33251315.24,11.2125,month_end_norges_bank,372830372.1285,,,,,,,,,,,,,,
market_cap,AFGA.OL,2005-01,NOK,836520695.999997,1.0,identity,836520695.999997,,,,,,,,,,,,,,
market_cap,AFGA.OL,2015-08,NOK,9917439659.99998,1.0,identity,9917439659.99998,,,,,,,,,,,,,,
market_cap,AFGA.OL,2026-03,NOK,19224772279.3839,1.0,identity,19224772279.3839,,,,,,,,,,,,,,
market_cap,AFK.OL,2005-01,NOK,1592524800.0,1.0,identity,1592524800.0,,,,,,,,,,,,,,
market_cap,AFK.OL,2015-08,NOK,4692401950.0,1.0,identity,4692401950.0,,,,,,,,,,,,,,
market_cap,AFK.OL,2026-03,NOK,8913167594.36388,1.0,identity,8913167594.36388,,,,,,,,,,,,,,
market_cap,AKAST.OL,2005-01,NOK,10070349822.0,1.0,identity,10070349822.0,,,,,,,,,,,,,,
market_cap,AKAST.OL,2015-08,NOK,3246899999.99999,1.0,identity,3246899999.99999,,,,,,,,,,,,,,
market_cap,AKAST.OL,2026-03,NOK,4176093658.3359,1.0,identity,4176093658.3359,,,,,,,,,,,,,,
market_cap,AKBM.OL,2026-03,NOK,9246059640.4,1.0,identity,9246059640.4,,,,,,,,,,,,,,
market_cap,AKH.OL,2026-03,NOK,14152149.3955,1.0,identity,14152149.3955,,,,,,,,,,,,,,
market_cap,AKRBP.OL,2015-08,NOK,9802687964.75995,1.0,identity,9802687964.75995,,,,,,,,,,,,,,
market_cap,AKRBP.OL,2026-03,NOK,228223220031.0,1.0,identity,228223220031.0,,,,,,,,,,,,,,
market_cap,AKSOA.OL,2015-08,NOK,9385531420.49997,1.0,identity,9385531420.49997,,,,,,,,,,,,,,
market_cap,AKSOA.OL,2026-03,NOK,22807022904.26,1.0,identity,22807022904.26,,,,,,,,,,,,,,
market_cap,AKVA.OL,2015-08,NOK,725943914.299999,1.0,identity,725943914.299999,,,,,,,,,,,,,,
market_cap,AKVA.OL,2026-03,NOK,3905113564.5,1.0,identity,3905113564.5,,,,,,,,,,,,,,
market_cap,ALVO.IC,2026-03,ISK,132698973040.609,0.0781,month_end_norges_bank,10363789794.471563,,,,,,,,,,,,,,
market_cap,ARCHA.OL,2015-08,NOK,735532929.49,1.0,identity,735532929.49,,,,,,,,,,,,,,
market_cap,ARCHA.OL,2026-03,NOK,2682459579.30098,1.0,identity,2682459579.30098,,,,,,,,,,,,,,
market_cap,ARRA.OL,2005-01,NOK,2305420237.12,1.0,identity,2305420237.12,,,,,,,,,,,,,,
market_cap,ARRA.OL,2015-08,NOK,626722290.21,1.0,identity,626722290.21,,,,,,,,,,,,,,
market_cap,ARRA.OL,2026-03,NOK,472132823.478581,1.0,identity,472132823.478581,,,,,,,,,,,,,,
market_cap,ASA.OL,2026-03,NOK,42197216.6747048,1.0,identity,42197216.6747048,,,,,,,,,,,,,,
market_cap,ATEA.OL,2005-01,NOK,1034957525.66,1.0,identity,1034957525.66,,,,,,,,,,,,,,
market_cap,ATEA.OL,2015-08,NOK,7598583869.75,1.0,identity,7598583869.75,,,,,,,,,,,,,,
market_cap,ATEA.OL,2026-03,NOK,15891110750.2,1.0,identity,15891110750.2,,,,,,,,,,,,,,
market_cap,AUSS.OL,2015-08,NOK,9933151326.0,1.0,identity,9933151326.0,,,,,,,,,,,,,,
market_cap,AUSS.OL,2026-03,NOK,20853185787.2865,1.0,identity,20853185787.2865,,,,,,,,,,,,,,
market_cap,AUTO.OL,2026-03,NOK,32045493304.2776,1.0,identity,32045493304.2776,,,,,,,,,,,,,,
market_cap,AZT.OL,2015-08,NOK,630606057.55,1.0,identity,630606057.55,,,,,,,,,,,,,,
market_cap,AZT.OL,2026-03,NOK,990770783.879975,1.0,identity,990770783.879975,,,,,,,,,,,,,,
market_cap,BAKKA.OL,2015-08,NOK,12312232380.0,1.0,identity,12312232380.0,,,,,,,,,,,,,,
market_cap,BAKKA.OL,2026-03,NOK,26891674724.8,1.0,identity,26891674724.8,,,,,,,,,,,,,,
market_cap,BEWI.OL,2026-03,NOK,3301851168.4,1.0,identity,3301851168.4,,,,,,,,,,,,,,
market_cap,BNOR.OL,2015-08,NOK,124157774.999999,1.0,identity,124157774.999999,,,,,,,,,,,,,,
market_cap,BNOR.OL,2026-03,NOK,14320312640.6045,1.0,identity,14320312640.6045,,,,,,,,,,,,,,
market_cap,BONHR.OL,2005-01,NOK,2855251560.0,1.0,identity,2855251560.0,,,,,,,,,,,,,,
market_cap,BONHR.OL,2015-08,NOK,2528937095.99999,1.0,identity,2528937095.99999,,,,,,,,,,,,,,
market_cap,BONHR.OL,2026-03,NOK,10186388373.5,1.0,identity,10186388373.5,,,,,,,,,,,,,,
market_cap,BOR.OL,2005-01,NOK,232046552.5,1.0,identity,232046552.5,,,,,,,,,,,,,,
market_cap,BOR.OL,2015-08,NOK,206991910.0,1.0,identity,206991910.0,,,,,,,,,,,,,,
market_cap,BOR.OL,2026-03,NOK,568005566.4,1.0,identity,568005566.4,,,,,,,,,,,,,,
market_cap,BOUV.OL,2015-08,NOK,912249999.999992,1.0,identity,912249999.999992,,,,,,,,,,,,,,
market_cap,BOUV.OL,2026-03,NOK,5214975816.713,1.0,identity,5214975816.713,,,,,,,,,,,,,,
market_cap,BRGB.OL,2015-08,NOK,5200000000.0,1.0,identity,5200000000.0,,,,,,,,,,,,,,
market_cap,BRGB.OL,2026-03,NOK,17480000000.0,1.0,identity,17480000000.0,,,,,,,,,,,,,,
market_cap,BWE.OL,2026-03,NOK,15930353656.8162,1.0,identity,15930353656.8162,,,,,,,,,,,,,,
market_cap,BWLPG.OL,2015-08,NOK,7250705406.0,1.0,identity,7250705406.0,,,,,,,,,,,,,,
market_cap,BWLPG.OL,2026-03,NOK,27269078400.0,1.0,identity,27269078400.0,,,,,,,,,,,,,,
market_cap,CADLR.OL,2026-03,NOK,19723816164.6,1.0,identity,19723816164.6,,,,,,,,,,,,,,
market_cap,CAPSL.OL,2026-03,NOK,359881121.06,1.0,identity,359881121.06,,,,,,,,,,,,,,
market_cap,CAVEN.OL,2026-03,NOK,210113406.25,1.0,identity,210113406.25,,,,,,,,,,,,,,
market_cap,CLOUD.OL,2026-03,NOK,4426881906.18408,1.0,identity,4426881906.18408,,,,,,,,,,,,,,
market_cap,CONTX.OL,2005-01,NOK,165452625.0,1.0,identity,165452625.0,,,,,,,,,,,,,,
market_cap,CONTX.OL,2015-08,NOK,184134650.0,1.0,identity,184134650.0,,,,,,,,,,,,,,
market_cap,CONTX.OL,2026-03,NOK,266144200.0,1.0,identity,266144200.0,,,,,,,,,,,,,,
market_cap,CRNA.OL,2026-03,NOK,2213538876.1,1.0,identity,2213538876.1,,,,,,,,,,,,,,
market_cap,DNO.OL,2005-01,NOK,1747504911.3,1.0,identity,1747504911.3,,,,,,,,,,,,,,
market_cap,DNO.OL,2015-08,NOK,10323329883.525,1.0,identity,10323329883.525,,,,,,,,,,,,,,
market_cap,DNO.OL,2026-03,NOK,21372000000.0,1.0,identity,21372000000.0,,,,,,,,,,,,,,
market_cap,DOFG.OL,2026-03,NOK,34056693072.5378,1.0,identity,34056693072.5378,,,,,,,,,,,,,,
market_cap,EIOF.OL,2015-08,NOK,316574999.999999,1.0,identity,316574999.999999,,,,,,,,,,,,,,
market_cap,EIOF.OL,2026-03,NOK,1211523327.8,1.0,identity,1211523327.8,,,,,,,,,,,,,,
market_cap,ELABS.OL,2026-03,NOK,348091221.064039,1.0,identity,348091221.064039,,,,,,,,,,,,,,
market_cap,ELK.OL,2026-03,NOK,17990409255.2568,1.0,identity,17990409255.2568,,,,,,,,,,,,,,
market_cap,ELMRA.OL,2026-03,NOK,4025183360.0,1.0,identity,4025183360.0,,,,,,,,,,,,,,
market_cap,ELO.OL,2026-03,NOK,9759189257.5,1.0,identity,9759189257.5,,,,,,,,,,,,,,
market_cap,EMGS.OL,2015-08,NOK,169800721.75,1.0,identity,169800721.75,,,,,,,,,,,,,,
market_cap,EMGS.OL,2026-03,NOK,44398724.91,1.0,identity,44398724.91,,,,,,,,,,,,,,
market_cap,ENDUR.OL,2015-08,NOK,44254066.57,1.0,identity,44254066.57,,,,,,,,,,,,,,
market_cap,ENDUR.OL,2026-03,NOK,5324060976.0,1.0,identity,5324060976.0,,,,,,,,,,,,,,
market_cap,ENH.OL,2015-08,NOK,122617109.84,1.0,identity,122617109.84,,,,,,,,,,,,,,
market_cap,ENH.OL,2026-03,NOK,5421716747.36138,1.0,identity,5421716747.36138,,,,,,,,,,,,,,
market_cap,ENSU.OL,2015-08,NOK,1421439633.92,1.0,identity,1421439633.92,,,,,,,,,,,,,,
market_cap,ENSU.OL,2026-03,NOK,655195199.822,1.0,identity,655195199.822,,,,,,,,,,,,,,
market_cap,ENTRA.OL,2015-08,NOK,12815339154.7499,1.0,identity,12815339154.7499,,,,,,,,,,,,,,
market_cap,ENTRA.OL,2026-03,NOK,19087439364.0,1.0,identity,19087439364.0,,,,,,,,,,,,,,
market_cap,ENVIP.OL,2015-08,NOK,51635880.2939135,1.0,identity,51635880.2939135,,,,,,,,,,,,,,
market_cap,ENVIP.OL,2026-03,NOK,3312926577.67412,1.0,identity,3312926577.67412,,,,,,,,,,,,,,
market_cap,EPR.OL,2015-08,NOK,6762239964.0,1.0,identity,6762239964.0,,,,,,,,,,,,,,
market_cap,EPR.OL,2026-03,NOK,15244259474.4,1.0,identity,15244259474.4,,,,,,,,,,,,,,
market_cap,EQNR.OL,2005-01,NOK,211295010400.0,1.0,identity,211295010400.0,,,,,,,,,,,,,,
market_cap,EQNR.OL,2015-08,NOK,395073376061.7,1.0,identity,395073376061.7,,,,,,,,,,,,,,
market_cap,EQNR.OL,2026-03,NOK,1074881878044.8,1.0,identity,1074881878044.8,,,,,,,,,,,,,,
market_cap,EQVA.OL,2015-08,NOK,214019039.999999,1.0,identity,214019039.999999,,,,,,,,,,,,,,
market_cap,EQVA.OL,2026-03,NOK,286125243.92,1.0,identity,286125243.92,,,,,,,,,,,,,,
market_cap,FRO.OL,2005-01,NOK,23719578573.0,1.0,identity,23719578573.0,,,,,,,,,,,,,,
market_cap,FRO.OL,2015-08,NOK,4021274187.8185,1.0,identity,4021274187.8185,,,,,,,,,,,,,,
market_cap,FRO.OL,2026-03,NOK,75068611816.6534,1.0,identity,75068611816.6534,,,,,,,,,,,,,,
market_cap,GENT.OL,2026-03,NOK,587591535.0,1.0,identity,587591535.0,,,,,,,,,,,,,,
market_cap,GOD.OL,2005-01,NOK,41914881.81,1.0,identity,41914881.81,,,,,,,,,,,,,,
market_cap,GOD.OL,2015-08,NOK,396852640.999999,1.0,identity,396852640.999999,,,,,,,,,,,,,,
market_cap,GOD.OL,2026-03,NOK,327150856.826134,1.0,identity,327150856.826134,,,,,,,,,,,,,,
market_cap,GSFG.OL,2015-08,NOK,2847381000.0,1.0,identity,2847381000.0,,,,,,,,,,,,,,
market_cap,GSFG.OL,2026-03,NOK,8656009304.6,1.0,identity,8656009304.6,,,,,,,,,,,,,,
market_cap,GYL.OL,2005-01,NOK,776239199.999996,1.0,identity,776239199.999996,,,,,,,,,,,,,,
market_cap,GYL.OL,2015-08,NOK,588060000.0,1.0,identity,588060000.0,,,,,,,,,,,,,,
market_cap,GYL.OL,2026-03,NOK,1006261805.36871,1.0,identity,1006261805.36871,,,,,,,,,,,,,,
market_cap,HAFNI.OL,2026-03,NOK,37278237167.82,1.0,identity,37278237167.82,,,,,,,,,,,,,,
market_cap,HAUTO.OL,2026-03,NOK,26361654029.6714,1.0,identity,26361654029.6714,,,,,,,,,,,,,,
market_cap,HAVI.OL,2015-08,NOK,173532694.25,1.0,identity,173532694.25,,,,,,,,,,,,,,
market_cap,HAVI.OL,2026-03,NOK,366830137.545254,1.0,identity,366830137.545254,,,,,,,,,,,,,,
market_cap,HBC.OL,2015-08,NOK,414035872.5,1.0,identity,414035872.5,,,,,,,,,,,,,,
market_cap,HBC.OL,2026-03,NOK,560095319.813406,1.0,identity,560095319.813406,,,,,,,,,,,,,,
market_cap,HEX.OL,2005-01,NOK,433649644.05,1.0,identity,433649644.05,,,,,,,,,,,,,,
market_cap,HEX.OL,2015-08,NOK,1999423019.99999,1.0,identity,1999423019.99999,,,,,,,,,,,,,,
market_cap,HEX.OL,2026-03,NOK,2535970029.76,1.0,identity,2535970029.76,,,,,,,,,,,,,,
market_cap,HPUR.OL,2026-03,NOK,449301904.073736,1.0,identity,449301904.073736,,,,,,,,,,,,,,
market_cap,HSHP.OL,2026-03,NOK,5925321850.25198,1.0,identity,5925321850.25198,,,,,,,,,,,,,,
market_cap,HYPRO.OL,2026-03,NOK,161054962.854,1.0,identity,161054962.854,,,,,,,,,,,,,,
market_cap,IDEX.OL,2015-08,NOK,3643433097.36,1.0,identity,3643433097.36,,,,,,,,,,,,,,
market_cap,IDEX.OL,2026-03,NOK,624764964.43,1.0,identity,624764964.43,,,,,,,,,,,,,,
market_cap,IOX.OL,2015-08,NOK,126146114.25,1.0,identity,126146114.25,,,,,,,,,,,,,,
market_cap,IOX.OL,2026-03,NOK,113960862.48,1.0,identity,113960862.48,,,,,,,,,,,,,,
market_cap,ITERA.OL,2005-01,NOK,228946409.64,1.0,identity,228946409.64,,,,,,,,,,,,,,
market_cap,ITERA.OL,2015-08,NOK,205466560.0,1.0,identity,205466560.0,,,,,,,,,,,,,,
market_cap,ITERA.OL,2026-03,NOK,567087705.6,1.0,identity,567087705.6,,,,,,,,,,,,,,
market_cap,IWS.OL,2026-03,NOK,2293551416.96614,1.0,identity,2293551416.96614,,,,,,,,,,,,,,
market_cap,JINJ.OL,2005-01,NOK,1806974831.49999,1.0,identity,1806974831.49999,,,,,,,,,,,,,,
market_cap,JINJ.OL,2015-08,NOK,857262478.199995,1.0,identity,857262478.199995,,,,,,,,,,,,,,
market_cap,JINJ.OL,2026-03,NOK,630443091.916713,1.0,identity,630443091.916713,,,,,,,,,,,,,,
market_cap,KCCK.OL,2026-03,NOK,5611626183.3,1.0,identity,5611626183.3,,,,,,,,,,,,,,
market_cap,KID.OL,2026-03,NOK,5094954453.90065,1.0,identity,5094954453.90065,,,,,,,,,,,,,,
market_cap,KIT.OL,2005-01,NOK,343317528.75,1.0,identity,343317528.75,,,,,,,,,,,,,,
market_cap,KIT.OL,2015-08,NOK,463537155.0,1.0,identity,463537155.0,,,,,,,,,,,,,,
market_cap,KIT.OL,2026-03,NOK,20448681038.5,1.0,identity,20448681038.5,,,,,,,,,,,,,,
market_cap,KMCP.OL,2015-08,NOK,216280372.5,1.0,identity,216280372.5,,,,,,,,,,,,,,
market_cap,KMCP.OL,2026-03,NOK,23961432.0,1.0,identity,23961432.0,,,,,,,,,,,,,,
market_cap,KOA.OL,2015-08,NOK,1773509051.16,1.0,identity,1773509051.16,,,,,,,,,,,,,,
market_cap,KOA.OL,2026-03,NOK,1840052335.354,1.0,identity,1840052335.354,,,,,,,,,,,,,,
market_cap,KOG.OL,2005-01,NOK,3180000000.0,1.0,identity,3180000000.0,,,,,,,,,,,,,,
market_cap,KOG.OL,2015-08,NOK,15059999999.9999,1.0,identity,15059999999.9999,,,,,,,,,,,,,,
market_cap,KOG.OL,2026-03,NOK,363058715873.75,1.0,identity,363058715873.75,,,,,,,,,,,,,,
market_cap,KOMPLK.OL,2005-01,NOK,651153599.999999,1.0,identity,651153599.999999,,,,,,,,,,,,,,
market_cap,KOMPLK.OL,2026-03,NOK,1538556201.18415,1.0,identity,1538556201.18415,,,,,,,,,,,,,,
market_cap,LINK.OL,2026-03,NOK,6740862738.42719,1.0,identity,6740862738.42719,,,,,,,,,,,,,,
market_cap,LSG.OL,2005-01,NOK,1308749146.0,1.0,identity,1308749146.0,,,,,,,,,,,,,,
market_cap,LSG.OL,2015-08,NOK,15227085672.0,1.0,identity,15227085672.0,,,,,,,,,,,,,,
market_cap,LSG.OL,2026-03,NOK,29161329351.7112,1.0,identity,29161329351.7112,,,,,,,,,,,,,,
market_cap,MEDI.OL,2005-01,NOK,199639750.0,1.0,identity,199639750.0,,,,,,,,,,,,,,
market_cap,MEDI.OL,2015-08,NOK,779336780.0,1.0,identity,779336780.0,,,,,,,,,,,,,,
market_cap,MEDI.OL,2026-03,NOK,3869177896.0,1.0,identity,3869177896.0,,,,,,,,,,,,,,
market_cap,MGN.OL,2005-01,NOK,939598678.199998,1.0,identity,939598678.199998,,,,,,,,,,,,,,
market_cap,MGN.OL,2015-08,NOK,941665282.099998,1.0,identity,941665282.099998,,,,,,,,,,,,,,
market_cap,MGN.OL,2026-03,NOK,1551012029.15072,1.0,identity,1551012029.15072,,,,,,,,,,,,,,
market_cap,MOWI.OL,2005-01,NOK,959393416.379994,1.0,identity,959393416.379994,,,,,,,,,,,,,,
market_cap,MOWI.OL,2015-08,NOK,44918548069.5999,1.0,identity,44918548069.5999,,,,,,,,,,,,,,
market_cap,MOWI.OL,2026-03,NOK,115793014881.6,1.0,identity,115793014881.6,,,,,,,,,,,,,,
market_cap,MPCC.OL,2026-03,NOK,10147425380.73,1.0,identity,10147425380.73,,,,,,,,,,,,,,
market_cap,MULTI.OL,2015-08,NOK,2493674000.0,1.0,identity,2493674000.0,,,,,,,,,,,,,,
market_cap,MULTI.OL,2026-03,NOK,4511010493.0,1.0,identity,4511010493.0,,,,,,,,,,,,,,
market_cap,NAPA.OL,2015-08,NOK,104208841.7,1.0,identity,104208841.7,,,,,,,,,,,,,,
market_cap,NAPA.OL,2026-03,NOK,3207508680.6,1.0,identity,3207508680.6,,,,,,,,,,,,,,
market_cap,NAS.OL,2005-01,NOK,249334212.8,1.0,identity,249334212.8,,,,,,,,,,,,,,
market_cap,NAS.OL,2015-08,NOK,13242507708.0,1.0,identity,13242507708.0,,,,,,,,,,,,,,
market_cap,NAS.OL,2026-03,NOK,15005497428.18,1.0,identity,15005497428.18,,,,,,,,,,,,,,
market_cap,NAVA.OL,2015-08,NOK,96751176.2999996,1.0,identity,96751176.2999996,,,,,,,,,,,,,,
market_cap,NAVA.OL,2026-03,NOK,474831284.4,1.0,identity,474831284.4,,,,,,,,,,,,,,
market_cap,NEL.OL,2005-01,NOK,82119582.7199999,1.0,identity,82119582.7199999,,,,,,,,,,,,,,
market_cap,NEL.OL,2015-08,NOK,1294696638.73999,1.0,identity,1294696638.73999,,,,,,,,,,,,,,
market_cap,NEL.OL,2026-03,NOK,3882822945.408,1.0,identity,3882822945.408,,,,,,,,,,,,,,
market_cap,NEXT.OL,2015-08,NOK,509294925.0,1.0,identity,509294925.0,,,,,,,,,,,,,,
market_cap,NEXT.OL,2026-03,NOK,62327416.84,1.0,identity,62327416.84,,,,,,,,,,,,,,
market_cap,NHY.OL,2005-01,NOK,127621965937.999,1.0,identity,127621965937.999,,,,,,,,,,,,,,
market_cap,NHY.OL,2015-08,NOK,59297490590.1599,1.0,identity,59297490590.1599,,,,,,,,,,,,,,
market_cap,NHY.OL,2026-03,NOK,202795136440.0,1.0,identity,202795136440.0,,,,,,,,,,,,,,
market_cap,NKR.OL,2005-01,NOK,362195308.799999,1.0,identity,362195308.799999,,,,,,,,,,,,,,
market_cap,NKR.OL,2015-08,NOK,424367734.0,1.0,identity,424367734.0,,,,,,,,,,,,,,
market_cap,NKR.OL,2026-03,NOK,1421433162.93333,1.0,identity,1421433162.93333,,,,,,,,,,,,,,
market_cap,NOD.OL,2005-01,NOK,1959516640.25,1.0,identity,1959516640.25,,,,,,,,,,,,,,
market_cap,NOD.OL,2015-08,NOK,7622869583.99999,1.0,identity,7622869583.99999,,,,,,,,,,,,,,
market_cap,NOD.OL,2026-03,NOK,30566584800.0,1.0,identity,30566584800.0,,,,,,,,,,,,,,
market_cap,NOL.OL,2026-03,NOK,2741067143.68,1.0,identity,2741067143.68,,,,,,,,,,,,,,
market_cap,NOM.OL,2015-08,NOK,246803844.0,1.0,identity,246803844.0,,,,,,,,,,,,,,
market_cap,NOM.OL,2026-03,NOK,1595508848.9792,1.0,identity,1595508848.9792,,,,,,,,,,,,,,
market_cap,NORBT.OL,2026-03,NOK,12125941943.4013,1.0,identity,12125941943.4013,,,,,,,,,,,,,,
market_cap,NORCO.OL,2026-03,NOK,12984126485.3706,1.0,identity,12984126485.3706,,,,,,,,,,,,,,
market_cap,NRC.OL,2005-01,NOK,217349869.999999,1.0,identity,217349869.999999,,,,,,,,,,,,,,
market_cap,NRC.OL,2015-08,NOK,861876377.999997,1.0,identity,861876377.999997,,,,,,,,,,,,,,
market_cap,NRC.OL,2026-03,NOK,1312725026.91,1.0,identity,1312725026.91,,,,,,,,,,,,,,
market_cap,NSKOG.OL,2026-03,NOK,3266272047.5,1.0,identity,3266272047.5,,,,,,,,,,,,,,
market_cap,NYKD.OL,2026-03,NOK,1055818389.04032,1.0,identity,1055818389.04032,,,,,,,,,,,,,,
market_cap,ODF.OL,2005-01,NOK,15993950616.0418,1.0,identity,15993950616.0418,,,,,,,,,,,,,,
market_cap,ODF.OL,2015-08,NOK,2082454751.99999,1.0,identity,2082454751.99999,,,,,,,,,,,,,,
market_cap,ODF.OL,2026-03,NOK,9412410047.2,1.0,identity,9412410047.2,,,,,,,,,,,,,,
market_cap,ODLO.OL,2015-08,NOK,1030000000.0,1.0,identity,1030000000.0,,,,,,,,,,,,,,
market_cap,ODLO.OL,2026-03,NOK,24239107534.9129,1.0,identity,24239107534.9129,,,,,,,,,,,,,,
market_cap,OET.OL,2026-03,NOK,19447317640.1173,1.0,identity,19447317640.1173,,,,,,,,,,,,,,
market_cap,OKEA.OL,2026-03,NOK,4305610260.99532,1.0,identity,4305610260.99532,,,,,,,,,,,,,,
market_cap,ONCIN.OL,2026-03,NOK,210283835.46,1.0,identity,210283835.46,,,,,,,,,,,,,,
market_cap,ORK.OL,2005-01,NOK,44158871120.0,1.0,identity,44158871120.0,,,,,,,,,,,,,,
market_cap,ORK.OL,2015-08,NOK,62154789170.0,1.0,identity,62154789170.0,,,,,,,,,,,,,,
market_cap,ORK.OL,2026-03,NOK,121247417849.53,1.0,identity,121247417849.53,,,,,,,,,,,,,,
market_cap,OTEC.OL,2005-01,NOK,992654969.999998,1.0,identity,992654969.999998,,,,,,,,,,,,,,
market_cap,OTEC.OL,2015-08,NOK,7587640028.49999,1.0,identity,7587640028.49999,,,,,,,,,,,,,,
market_cap,OTEC.OL,2026-03,NOK,1306722273.24104,1.0,identity,1306722273.24104,,,,,,,,,,,,,,
market_cap,OTL.OL,2026-03,NOK,2908486997.9,1.0,identity,2908486997.9,,,,,,,,,,,,,,
market_cap,OTOVO.OL,2026-03,NOK,798776563.9,1.0,identity,798776563.9,,,,,,,,,,,,,,
market_cap,PCIB.OL,2015-08,NOK,81952145.0,1.0,identity,81952145.0,,,,,,,,,,,,,,
market_cap,PCIB.OL,2026-03,NOK,6214843.935,1.0,identity,6214843.935,,,,,,,,,,,,,,
market_cap,PENR.OL,2015-08,NOK,143072929.46,1.0,identity,143072929.46,,,,,,,,,,,,,,
market_cap,PENR.OL,2026-03,NOK,4617164026.2,1.0,identity,4617164026.2,,,,,,,,,,,,,,
market_cap,PEXIP.OL,2026-03,NOK,6359766963.9,1.0,identity,6359766963.9,,,,,,,,,,,,,,
market_cap,PHO.OL,2005-01,NOK,641768695.999999,1.0,identity,641768695.999999,,,,,,,,,,,,,,
market_cap,PHO.OL,2015-08,NOK,874158971.999995,1.0,identity,874158971.999995,,,,,,,,,,,,,,
market_cap,PHO.OL,2026-03,NOK,1599994212.41366,1.0,identity,1599994212.41366,,,,,,,,,,,,,,
market_cap,PLT.OL,2026-03,NOK,1122667764.10304,1.0,identity,1122667764.10304,,,,,,,,,,,,,,
market_cap,PNOR.OL,2026-03,NOK,1921817542.5,1.0,identity,1921817542.5,,,,,,,,,,,,,,
market_cap,POL.OL,2015-08,NOK,905145448.499999,1.0,identity,905145448.499999,,,,,,,,,,,,,,
market_cap,POL.OL,2026-03,NOK,2989592493.0,1.0,identity,2989592493.0,,,,,,,,,,,,,,
market_cap,PRSO.OL,2005-01,NOK,6318794461.0,1.0,identity,6318794461.0,,,,,,,,,,,,,,
market_cap,PRSO.OL,2015-08,NOK,5215004603.89999,1.0,identity,5215004603.89999,,,,,,,,,,,,,,
market_cap,PRSO.OL,2026-03,NOK,1238059456.98514,1.0,identity,1238059456.98514,,,,,,,,,,,,,,
market_cap,PSE.OL,2005-01,NOK,234300489.84,1.0,identity,234300489.84,,,,,,,,,,,,,,
market_cap,PSE.OL,2015-08,NOK,148435475.149999,1.0,identity,148435475.149999,,,,,,,,,,,,,,
market_cap,PSE.OL,2026-03,NOK,367097288.773292,1.0,identity,367097288.773292,,,,,,,,,,,,,,
market_cap,QEC.OL,2005-01,NOK,102741852.595404,1.0,identity,102741852.595404,,,,,,,,,,,,,,
market_cap,QEC.OL,2015-08,NOK,350592252.627013,1.0,identity,350592252.627013,,,,,,,,,,,,,,
market_cap,QEC.OL,2026-03,NOK,880259456.196464,1.0,identity,880259456.196464,,,,,,,,,,,,,,
market_cap,REACH.OL,2005-01,NOK,708192289.849998,1.0,identity,708192289.849998,,,,,,,,,,,,,,
market_cap,REACH.OL,2015-08,NOK,160106236.499999,1.0,identity,160106236.499999,,,,,,,,,,,,,,
market_cap,REACH.OL,2026-03,NOK,2286375098.59094,1.0,identity,2286375098.59094,,,,,,,,,,,,,,
market_cap,RECSI.OL,2015-08,NOK,3408717171.9,1.0,identity,3408717171.9,,,,,,,,,,,,,,
market_cap,RECSI.OL,2026-03,NOK,1237122056.225,1.0,identity,1237122056.225,,,,,,,,,,,,,,
market_cap,SALM.OL,2015-08,NOK,14275799874.0,1.0,identity,14275799874.0,,,,,,,,,,,,,,
market_cap,SALM.OL,2026-03,NOK,76612258105.0,1.0,identity,76612258105.0,,,,,,,,,,,,,,
market_cap,SALME.OL,2026-03,NOK,2229747934.92,1.0,identity,2229747934.92,,,,,,,,,,,,,,
market_cap,SATSS.OL,2026-03,NOK,8707943637.0,1.0,identity,8707943637.0,,,,,,,,,,,,,,
market_cap,SCANA.OL,2005-01,NOK,338141325.0,1.0,identity,338141325.0,,,,,,,,,,,,,,
market_cap,SCANA.OL,2015-08,NOK,84934346.4899999,1.0,identity,84934346.4899999,,,,,,,,,,,,,,
market_cap,SCANA.OL,2026-03,NOK,643324694.363427,1.0,identity,643324694.363427,,,,,,,,,,,,,,
market_cap,SCATC.OL,2015-08,NOK,4071624382.0,1.0,identity,4071624382.0,,,,,,,,,,,,,,
market_cap,SCATC.OL,2026-03,NOK,20885196115.0,1.0,identity,20885196115.0,,,,,,,,,,,,,,
market_cap,SMCRT.OL,2026-03,NOK,3138858181.5,1.0,identity,3138858181.5,,,,,,,,,,,,,,
market_cap,SMOP.OL,2005-01,NOK,235922196.11,1.0,identity,235922196.11,,,,,,,,,,,,,,
market_cap,SMOP.OL,2026-03,NOK,4252801736.99171,1.0,identity,4252801736.99171,,,,,,,,,,,,,,
market_cap,SNI.OL,2005-01,NOK,13594315020.0,1.0,identity,13594315020.0,,,,,,,,,,,,,,
market_cap,SNI.OL,2015-08,NOK,8080858296.0,1.0,identity,8080858296.0,,,,,,,,,,,,,,
market_cap,SNI.OL,2026-03,NOK,19517685966.0,1.0,identity,19517685966.0,,,,,,,,,,,,,,
market_cap,SOFF.OL,2005-01,NOK,2834561999.99999,1.0,identity,2834561999.99999,,,,,,,,,,,,,,
market_cap,SOFF.OL,2015-08,NOK,967184424.999994,1.0,identity,967184424.999994,,,,,,,,,,,,,,
market_cap,SOFF.OL,2026-03,NOK,5665459564.8,1.0,identity,5665459564.8,,,,,,,,,,,,,,
market_cap,STRO.OL,2005-01,NOK,363467378.4,1.0,identity,363467378.4,,,,,,,,,,,,,,
market_cap,STRO.OL,2015-08,NOK,416247255.2,1.0,identity,416247255.2,,,,,,,,,,,,,,
market_cap,STRO.OL,2026-03,NOK,468903918.894169,1.0,identity,468903918.894169,,,,,,,,,,,,,,
market_cap,SUBC.OL,2005-01,NOK,8518304943.49995,1.0,identity,8518304943.49995,,,,,,,,,,,,,,
market_cap,SUBC.OL,2015-08,NOK,23384561516.8,1.0,identity,23384561516.8,,,,,,,,,,,,,,
market_cap,SUBC.OL,2026-03,NOK,89999840000.0,1.0,identity,89999840000.0,,,,,,,,,,,,,,
market_cap,SWON.OL,2026-03,NOK,18627897504.7031,1.0,identity,18627897504.7031,,,,,,,,,,,,,,
market_cap,TECH.OL,2005-01,NOK,352882172.6,1.0,identity,352882172.6,,,,,,,,,,,,,,
market_cap,TECH.OL,2015-08,NOK,55891894.85,1.0,identity,55891894.85,,,,,,,,,,,,,,
market_cap,TECH.OL,2026-03,NOK,364551854.253533,1.0,identity,364551854.253533,,,,,,,,,,,,,,
market_cap,TEKNA.OL,2026-03,NOK,796117815.5,1.0,identity,796117815.5,,,,,,,,,,,,,,
market_cap,TEL.OL,2005-01,NOK,102357277249.5,1.0,identity,102357277249.5,,,,,,,,,,,,,,
market_cap,TEL.OL,2015-08,NOK,247890720753.0,1.0,identity,247890720753.0,,,,,,,,,,,,,,
market_cap,TEL.OL,2026-03,NOK,233030003126.7,1.0,identity,233030003126.7,,,,,,,,,,,,,,
market_cap,TGS.OL,2005-01,NOK,4078594002.0,1.0,identity,4078594002.0,,,,,,,,,,,,,,
market_cap,TGS.OL,2015-08,NOK,16341758400.0,1.0,identity,16341758400.0,,,,,,,,,,,,,,
market_cap,TGS.OL,2026-03,NOK,25951166472.0,1.0,identity,25951166472.0,,,,,,,,,,,,,,
market_cap,TOM.OL,2005-01,NOK,5943602414.7,1.0,identity,5943602414.7,,,,,,,,,,,,,,
market_cap,TOM.OL,2015-08,NOK,10694450635.5,1.0,identity,10694450635.5,,,,,,,,,,,,,,
market_cap,TOM.OL,2026-03,NOK,34192638018.0,1.0,identity,34192638018.0,,,,,,,,,,,,,,
market_cap,TRMED.OL,2015-08,NOK,1032841751.2,1.0,identity,1032841751.2,,,,,,,,,,,,,,
market_cap,TRMED.OL,2026-03,NOK,1642908513.63385,1.0,identity,1642908513.63385,,,,,,,,,,,,,,
market_cap,VAR.OL,2026-03,NOK,126168371672.84,1.0,identity,126168371672.84,,,,,,,,,,,,,,
market_cap,VEI.OL,2005-01,NOK,3118375986.0,1.0,identity,3118375986.0,,,,,,,,,,,,,,
market_cap,VEI.OL,2015-08,NOK,12601690783.5,1.0,identity,12601690783.5,,,,,,,,,,,,,,
market_cap,VEI.OL,2026-03,NOK,25295010107.8046,1.0,identity,25295010107.8046,,,,,,,,,,,,,,
market_cap,VEND.OL,2005-01,NOK,12084125000.0,1.0,identity,12084125000.0,,,,,,,,,,,,,,
market_cap,VEND.OL,2015-08,NOK,57036709081.5,1.0,identity,57036709081.5,,,,,,,,,,,,,,
market_cap,VEND.OL,2026-03,NOK,52283281563.6,1.0,identity,52283281563.6,,,,,,,,,,,,,,
market_cap,VISTN.OL,2015-08,NOK,257529518.499999,1.0,identity,257529518.499999,,,,,,,,,,,,,,
market_cap,VISTN.OL,2026-03,NOK,953408728.0,1.0,identity,953408728.0,,,,,,,,,,,,,,
market_cap,VOW.OL,2015-08,NOK,127977403.5,1.0,identity,127977403.5,,,,,,,,,,,,,,
market_cap,VOW.OL,2026-03,NOK,681311676.519829,1.0,identity,681311676.519829,,,,,,,,,,,,,,
market_cap,WAWI.OL,2015-08,NOK,8602000000.0,1.0,identity,8602000000.0,,,,,,,,,,,,,,
market_cap,WAWI.OL,2026-03,NOK,51534181448.4,1.0,identity,51534181448.4,,,,,,,,,,,,,,
market_cap,WSTEP.OL,2026-03,NOK,498921723.6,1.0,identity,498921723.6,,,,,,,,,,,,,,
market_cap,WWI.OL,2005-01,NOK,7934566859.99998,1.0,identity,7934566859.99998,,,,,,,,,,,,,,
market_cap,WWI.OL,2015-08,NOK,7062647882.0,1.0,identity,7062647882.0,,,,,,,,,,,,,,
market_cap,WWI.OL,2026-03,NOK,29900838461.0,1.0,identity,29900838461.0,,,,,,,,,,,,,,
market_cap,YAR.OL,2005-01,NOK,23958194250.0,1.0,identity,23958194250.0,,,,,,,,,,,,,,
market_cap,YAR.OL,2015-08,NOK,101588288171.699,1.0,identity,101588288171.699,,,,,,,,,,,,,,
market_cap,YAR.OL,2026-03,NOK,143665253628.0,1.0,identity,143665253628.0,,,,,,,,,,,,,,
market_cap,ZAL.OL,2015-08,NOK,640662810.5,1.0,identity,640662810.5,,,,,,,,,,,,,,
market_cap,ZAL.OL,2026-03,NOK,2169257342.0,1.0,identity,2169257342.0,,,,,,,,,,,,,,
market_cap,ZAP.OL,2026-03,NOK,2464101350.12455,1.0,identity,2464101350.12455,,,,,,,,,,,,,,
market_cap,ZLNA.OL,2026-03,NOK,490809853.303604,1.0,identity,490809853.303604,,,,,,,,,,,,,,
dividends_sample,20202.OL,,USD,,,,,2019-11-11,0.055,,1.0,0.055,NOK,yahoo_no_later_split_verified_1,yahoo,0.0,,9.1396,2019-11-11,ex_date_or_prior_business_day,0.502678
dividends_sample,20202.OL,,USD,,,,,2019-12-06,0.08,,1.0,0.08,NOK,yahoo_no_later_split_verified_1,yahoo,0.0,,9.1252,2019-12-06,ex_date_or_prior_business_day,0.730016
dividends_sample,20202.OL,,USD,,,,,2020-01-14,0.04,,1.0,0.04,NOK,yahoo_no_later_split_verified_1,yahoo,0.0,,8.8997,2020-01-14,ex_date_or_prior_business_day,0.35598799999999997
dividends_sample,20202.OL,,USD,,,,,2020-02-13,0.03,,1.0,0.03,NOK,yahoo_no_later_split_verified_1,yahoo,0.0,,9.2404,2020-02-13,ex_date_or_prior_business_day,0.27721199999999996
dividends_sample,20202.OL,,USD,,,,,2020-08-17,0.01,,1.0,0.01,NOK,yahoo_no_later_split_verified_1,yahoo,0.0,,8.8686,2020-08-17,ex_date_or_prior_business_day,0.08868600000000001
dividends_sample,20202.OL,,USD,,,,,2020-09-11,0.03,,1.0,0.03,NOK,yahoo_no_later_split_verified_1,yahoo,0.0,,9.0289,2020-09-11,ex_date_or_prior_business_day,0.27086699999999997
dividends_sample,20202.OL,,USD,,,,,2020-10-12,0.06,,0.990954,0.0594572399999999,NOK,TR.DivUnadjustedGross_x_TR.DivAdjustmentFactor,,0.0,,9.147,2020-10-12,ex_date_or_prior_business_day,0.5438553742799991
dividends_sample,20202.OL,,USD,,,,,2020-11-16,0.07,,1.0,0.07,NOK,yahoo_no_later_split_verified_1,yahoo,0.0,,9.071,2020-11-16,ex_date_or_prior_business_day,0.63497
dividends_sample,20202.OL,,USD,,,,,2020-12-17,0.04,,1.0,0.04,NOK,yahoo_no_later_split_verified_1,yahoo,0.0,,8.5755,2020-12-17,ex_date_or_prior_business_day,0.34302
dividends_sample,20202.OL,,USD,,,,,2021-01-21,0.06,,1.0,0.06,NOK,yahoo_no_later_split_verified_1,yahoo,0.0,,8.4317,2021-01-21,ex_date_or_prior_business_day,0.505902
dividends_sample,20202.OL,,USD,,,,,2021-02-19,0.13,,1.0,0.13,NOK,yahoo_no_later_split_verified_1,yahoo,0.0,,8.4105,2021-02-19,ex_date_or_prior_business_day,1.0933650000000001
dividends_sample,20202.OL,,USD,,,,,2021-03-23,0.03,,1.0,0.03,NOK,yahoo_no_later_split_verified_1,yahoo,0.0,,8.5654,2021-03-23,ex_date_or_prior_business_day,0.256962
dividends_sample,20202.OL,,USD,,,,,2021-04-21,0.1,,1.0,0.1,NOK,yahoo_no_later_split_verified_1,yahoo,0.0,,8.3637,2021-04-21,ex_date_or_prior_business_day,0.8363700000000001
dividends_sample,20202.OL,,USD,,,,,2021-05-20,0.21,,1.0,0.21,NOK,yahoo_no_later_split_verified_1,yahoo,0.0,,8.3402,2021-05-20,ex_date_or_prior_business_day,1.7514419999999997
dividends_sample,20202.OL,,USD,,,,,2021-06-17,0.3,,1.0,0.3,NOK,yahoo_no_later_split_verified_1,yahoo,0.0,,8.5426,2021-06-17,ex_date_or_prior_business_day,2.56278
dividends_sample,20202.OL,,USD,,,,,2021-07-19,0.24,,1.0,0.24,NOK,yahoo_no_later_split_verified_1,yahoo,0.0,,8.9563,2021-07-19,ex_date_or_prior_business_day,2.149512
dividends_sample,20202.OL,,USD,,,,,2021-08-20,0.26,,1.0,0.26,NOK,yahoo_no_later_split_verified_1,yahoo,0.0,,9.0823,2021-08-20,ex_date_or_prior_business_day,2.361398
dividends_sample,20202.OL,,USD,,,,,2021-09-17,0.32,,1.0,0.32,NOK,yahoo_no_later_split_verified_1,yahoo,0.0,,8.5915,2021-09-17,ex_date_or_prior_business_day,2.74928
dividends_sample,20202.OL,,USD,,,,,2021-10-19,0.39,,1.0,0.39,NOK,yahoo_no_later_split_verified_1,yahoo,0.0,,8.3518,2021-10-19,ex_date_or_prior_business_day,3.2572020000000004
dividends_sample,20202.OL,,USD,,,,,2021-11-19,0.49,,1.0,0.49,NOK,yahoo_no_later_split_verified_1,yahoo,0.0,,8.9152,2021-11-19,ex_date_or_prior_business_day,4.368448
